insert into user (user_id, email, gender, hashed_pwd, intro, user_name, photo, salt, telephone, department_id, class_id, group_id) values ('1', NULL, NULL, 'abc', 'A bad man', 'Chen', 'A photo', 'a salt', '12345678', 0, 10001, 3);
insert into department (id, dept_name) values (0, 'Computer Science');
insert into course (id, credit, intro, name, num_lessons_each_week, department_id) values ('20011', 2.0, 'An Description', 'Data Structure', 5, 0);
insert into course (id, credit, intro, name, num_lessons_each_week, department_id) values ('20012', 10.0, 'A difficult course', 'Software engineering', 4.5, 0);
insert into class (id, capacity, num_student, semester, year, course_id, teacher_id) values (10001, 100, 50, 'FIRST', 2017, '20011', 'root');
insert into class (id, capacity, num_student, semester, year, course_id, teacher_id) values (10003, 100, 50, 'SECOND', 2018, '20012', 'root');
insert into campus (id, name) values (1, 'Yuquan');
insert into building (id, name, campus_id) values (1, '7th Building', 1);
insert into classroom (id, capacity, name, building_id) values (1, 120, '101', 1);
insert into time_slot (id, type, classroom_id, class_id) values (1, 'MON_1_2', 1, 10001);
insert into user(user_id, hashed_pwd, salt, group_id) values('123456','4THeO+ajZ3plyHqj3yEKmulDBiCMvF5+utIA49X6Usg=', 'Fwh+3BmSRRGH5ypv9CZjFA==', 1);
insert into question(question_qid, question_answerednum, question_correct, question_qanswer, question_qtype, question_question, question_qunit) values ('1', '0', '0', '1', '1', 'Is monkey an animal?', 'animal');
insert into question(question_qid, question_answerednum, question_correct, question_qanswer, question_qtype, question_question, question_qunit) values ('2', '0', '0', '0', '1', 'Is apple an animal?', 'animal');
insert into question(question_qid, question_answerednum, question_correct, question_qanswer, question_qtype, question_question, question_qunit) values ('3', '0', '0', '4', '3', '1+3 = ?', 'maths');
insert into paper(paper_pid, paper_answerednum, paper_average, paper_begin, paper_count, paper_end, paper_isauto, paper_last, paper_papername)values ('1', '0', '0', '2018-06-02 14:00:00', '2', '2018-06-03 14:00:00', 0, '1:00:00', 'test1');
insert into contains(contains_id, contains_score, paper_pid, question_qid) values ('10000', '10', '1', '1');
insert into contains(contains_id, contains_score, paper_pid, question_qid) values ('10001', '90', '1', '2');
insert into paper(paper_pid, paper_answerednum, paper_average, paper_begin, paper_count, paper_end, paper_isauto, paper_last, paper_papername)values ('2', '0', '0', '2018-06-03 14:00:00', '2', '2018-06-04 14:00:00', 1, '1:30:00', 'test2');
insert into contains(contains_id, contains_score, paper_pid, question_qid) values ('20000', '20', '2', '1');
insert into contains(contains_id, contains_score, paper_pid, question_qid) values ('20001', '80', '2', '2');

